Id text,Sampled date,Meetpunt,Status,ZICHT,T,KLEUR,GEUR,VUIL,pH,SENSHTE,SCHUIM,OLE,E,GELDHD,SALNT,O2,%O2,WINDSHD,WINDRTG,LUCHTDK
,,,,714VP001,714VP002,714VP003,714VP004,714VP007,714VP008,714VP009,714VP017,714VP018,714VP019,714VP023,714VP024,714VP037,714VP038,714VP303,714VP304,714VP306
,,,,DIMSLS,°C,DIMSLS,DIMSLS,DIMSLS,DIMSLS,cm,DIMSLS,DIMSLS,/m,mS,DIMSLS,mS,DIMSLS,m/s,gradn,hPa
2018005572,23-1-2018 11:27,WALCRN2,Available,#N/B,5.46,0,0,0,7.98,-350,0,0,-999,3060,31.2,9.33,91.1,9.6,192,1020
2018005573,13-2-2018 16:12,WALCRN2,Available,-999,4.8,0,0,0,8.02,-350,0,0,-999,3020,31.4,9.34,89.6,16.4,180,1000
2018005574,15-3-2018 7:28,WALCRN2,Available,#N/B,4.14,0,0,0,7.13,-350,0,0,-999,2950,31.3,10.3,97.1,12,326,992
2018005575,18-4-2018 22:14,WALCRN2,Available,#N/B,9.17,0,0,0,8.56,-350,0,0,-999,3420,31.7,10.9,121,5.8,136,1030
2018005576,16-5-2018 10:52,WALCRN2,Available,-999,12.9,-999,-999,-999,8.45,-350,-999,-999,-999,3750,31.8,8.71,102,4,360,1030
2018005577,11-6-2018 0:00,WALCRN2,Unavailable,#N/B,#N/B,#N/B,#N/B,#N/B,#N/B,#N/B,#N/B,#N/B,#N/B,#N/B,#N/B,#N/B,#N/B,#N/B,#N/B,#N/B
2018005578,16-7-2018 0:00,WALCRN2,Unavailable,#N/B,#N/B,#N/B,#N/B,#N/B,#N/B,#N/B,#N/B,#N/B,#N/B,#N/B,#N/B,#N/B,#N/B,#N/B,#N/B,#N/B
2018005579,13-8-2018 0:00,WALCRN2,Unavailable,#N/B,#N/B,#N/B,#N/B,#N/B,#N/B,#N/B,#N/B,#N/B,#N/B,#N/B,#N/B,#N/B,#N/B,#N/B,#N/B,#N/B
2018005580,10-9-2018 0:00,WALCRN2,Unavailable,#N/B,#N/B,#N/B,#N/B,#N/B,#N/B,#N/B,#N/B,#N/B,#N/B,#N/B,#N/B,#N/B,#N/B,#N/B,#N/B,#N/B
2018005581,15-10-2018 0:00,WALCRN2,Unavailable,#N/B,#N/B,#N/B,#N/B,#N/B,#N/B,#N/B,#N/B,#N/B,#N/B,#N/B,#N/B,#N/B,#N/B,#N/B,#N/B,#N/B
2018005582,12-11-2018 0:00,WALCRN2,Unavailable,#N/B,#N/B,#N/B,#N/B,#N/B,#N/B,#N/B,#N/B,#N/B,#N/B,#N/B,#N/B,#N/B,#N/B,#N/B,#N/B,#N/B
2018005583,10-12-2018 0:00,WALCRN2,Unavailable,#N/B,#N/B,#N/B,#N/B,#N/B,#N/B,#N/B,#N/B,#N/B,#N/B,#N/B,#N/B,#N/B,#N/B,#N/B,#N/B,#N/B
2018005584,23-1-2018 9:55,WALCRN20,Available,#N/B,6.3,0,0,0,8.01,-350,0,0,-999,#N/B,33.6,9.04,91.4,12.3,201,1020
2018005585,13-2-2018 17:26,WALCRN20,Available,#N/B,6,0,0,0,8.06,-350,0,0,-999,#N/B,33.1,9.02,90.1,10,140,1000
2018005586,15-3-2018 6:02,WALCRN20,Available,#N/B,4.06,0,0,0,8.05,-350,0,0,-999,#N/B,33.1,9.01,90.1,12.6,232,992
2018005587,18-4-2018 22:25,WALCRN20,Available,#N/B,8.37,0,0,0,8.54,-350,0,0,-999,#N/B,32.8,10.7,116,8.5,270,116
2018005588,16-5-2018 9:59,WALCRN20,Available,#N/B,12.5,-999,-999,-999,8.42,-350,-999,-999,-999,#N/B,32.1,9.48,108,5,360,1030
2018005589,11-6-2018 0:00,WALCRN20,Unavailable,#N/B,#N/B,#N/B,#N/B,#N/B,#N/B,#N/B,#N/B,#N/B,#N/B,#N/B,#N/B,#N/B,#N/B,#N/B,#N/B,#N/B
2018005590,16-7-2018 0:00,WALCRN20,Unavailable,#N/B,#N/B,#N/B,#N/B,#N/B,#N/B,#N/B,#N/B,#N/B,#N/B,#N/B,#N/B,#N/B,#N/B,#N/B,#N/B,#N/B
2018005591,13-8-2018 0:00,WALCRN20,Unavailable,#N/B,#N/B,#N/B,#N/B,#N/B,#N/B,#N/B,#N/B,#N/B,#N/B,#N/B,#N/B,#N/B,#N/B,#N/B,#N/B,#N/B
2018005592,10-9-2018 0:00,WALCRN20,Unavailable,#N/B,#N/B,#N/B,#N/B,#N/B,#N/B,#N/B,#N/B,#N/B,#N/B,#N/B,#N/B,#N/B,#N/B,#N/B,#N/B,#N/B
2018005593,15-10-2018 0:00,WALCRN20,Unavailable,#N/B,#N/B,#N/B,#N/B,#N/B,#N/B,#N/B,#N/B,#N/B,#N/B,#N/B,#N/B,#N/B,#N/B,#N/B,#N/B,#N/B
2018005594,12-11-2018 0:00,WALCRN20,Unavailable,#N/B,#N/B,#N/B,#N/B,#N/B,#N/B,#N/B,#N/B,#N/B,#N/B,#N/B,#N/B,#N/B,#N/B,#N/B,#N/B,#N/B
2018005595,10-12-2018 0:00,WALCRN20,Unavailable,#N/B,#N/B,#N/B,#N/B,#N/B,#N/B,#N/B,#N/B,#N/B,#N/B,#N/B,#N/B,#N/B,#N/B,#N/B,#N/B,#N/B
2018005596,23-1-2018 6:20,WALCRN70,Available,#N/B,8.38,0,0,0,7.98,-350,0,0,-999,#N/B,35.3,8.51,91.2,11.5,251,1020
2018005597,13-2-2018 20:29,WALCRN70,Available,#N/B,7.8,0,0,0,8.1,-350,0,0,-999,#N/B,35.2,8.51,89.8,13,140,1010
2018005598,14-3-2018 20:00,WALCRN70,Available,#N/B,6.36,0,0,0,7.26,-350,0,0,-999,#N/B,34.9,9.43,96.2,11.7,309,1000
2018005599,19-4-2018 2:21,WALCRN70,Available,#N/B,8.46,0,0,0,8.46,-350,0,0,-999,#N/B,35,10,113,6,357,1020
2018005600,16-5-2018 8:02,WALCRN70,Available,#N/B,10.9,-999,-999,-999,8.23,-350,-999,-999,-999,#N/B,34.2,9.86,109,5,10,1030
2018005601,11-6-2018 0:00,WALCRN70,Unavailable,#N/B,#N/B,#N/B,#N/B,#N/B,#N/B,#N/B,#N/B,#N/B,#N/B,#N/B,#N/B,#N/B,#N/B,#N/B,#N/B,#N/B
2018005602,16-7-2018 0:00,WALCRN70,Unavailable,#N/B,#N/B,#N/B,#N/B,#N/B,#N/B,#N/B,#N/B,#N/B,#N/B,#N/B,#N/B,#N/B,#N/B,#N/B,#N/B,#N/B
2018005603,13-8-2018 0:00,WALCRN70,Unavailable,#N/B,#N/B,#N/B,#N/B,#N/B,#N/B,#N/B,#N/B,#N/B,#N/B,#N/B,#N/B,#N/B,#N/B,#N/B,#N/B,#N/B
2018005604,10-9-2018 0:00,WALCRN70,Unavailable,#N/B,#N/B,#N/B,#N/B,#N/B,#N/B,#N/B,#N/B,#N/B,#N/B,#N/B,#N/B,#N/B,#N/B,#N/B,#N/B,#N/B
2018005605,15-10-2018 0:00,WALCRN70,Unavailable,#N/B,#N/B,#N/B,#N/B,#N/B,#N/B,#N/B,#N/B,#N/B,#N/B,#N/B,#N/B,#N/B,#N/B,#N/B,#N/B,#N/B
2018005606,12-11-2018 0:00,WALCRN70,Unavailable,#N/B,#N/B,#N/B,#N/B,#N/B,#N/B,#N/B,#N/B,#N/B,#N/B,#N/B,#N/B,#N/B,#N/B,#N/B,#N/B,#N/B
2018005607,10-12-2018 0:00,WALCRN70,Unavailable,#N/B,#N/B,#N/B,#N/B,#N/B,#N/B,#N/B,#N/B,#N/B,#N/B,#N/B,#N/B,#N/B,#N/B,#N/B,#N/B,#N/B
2018005608,23-1-2018 13:16,SCHOUWN10,Available,#N/B,5.87,0,0,0,8.33,-350,0,0,-999,#N/B,32.5,7.62,75.7,9.8,208,1020
2018005609,13-2-2018 14:14,SCHOUWN10,Available,#N/B,5.6,0,0,0,8.03,-350,0,0,0.713,#N/B,32.9,9.15,90.5,16.6,180,1000
2018005610,15-3-2018 9:05,SCHOUWN10,Available,#N/B,3.89,0,0,0,6.98,-350,0,0,0.758,#N/B,32.2,10.6,100,13.2,164,992
2018005611,18-4-2018 20:18,SCHOUWN10,Available,#N/B,7.92,0,0,0,8.36,-350,0,0,-999,#N/B,32.6,10.8,120,7.5,107,1030
2018005612,16-5-2018 12:08,SCHOUWN10,Available,#N/B,12.1,-999,-999,-999,8.47,-350,-999,-999,-999,#N/B,32.2,10.1,111,4,360,1030
2018005613,11-6-2018 0:00,SCHOUWN10,Unavailable,#N/B,#N/B,#N/B,#N/B,#N/B,#N/B,#N/B,#N/B,#N/B,#N/B,#N/B,#N/B,#N/B,#N/B,#N/B,#N/B,#N/B
2018005614,16-7-2018 0:00,SCHOUWN10,Unavailable,#N/B,#N/B,#N/B,#N/B,#N/B,#N/B,#N/B,#N/B,#N/B,#N/B,#N/B,#N/B,#N/B,#N/B,#N/B,#N/B,#N/B
2018005615,13-8-2018 0:00,SCHOUWN10,Unavailable,#N/B,#N/B,#N/B,#N/B,#N/B,#N/B,#N/B,#N/B,#N/B,#N/B,#N/B,#N/B,#N/B,#N/B,#N/B,#N/B,#N/B
2018005616,10-9-2018 0:00,SCHOUWN10,Unavailable,#N/B,#N/B,#N/B,#N/B,#N/B,#N/B,#N/B,#N/B,#N/B,#N/B,#N/B,#N/B,#N/B,#N/B,#N/B,#N/B,#N/B
2018005617,15-10-2018 0:00,SCHOUWN10,Unavailable,#N/B,#N/B,#N/B,#N/B,#N/B,#N/B,#N/B,#N/B,#N/B,#N/B,#N/B,#N/B,#N/B,#N/B,#N/B,#N/B,#N/B
2018005618,12-11-2018 0:00,SCHOUWN10,Unavailable,#N/B,#N/B,#N/B,#N/B,#N/B,#N/B,#N/B,#N/B,#N/B,#N/B,#N/B,#N/B,#N/B,#N/B,#N/B,#N/B,#N/B
2018005619,10-12-2018 0:00,SCHOUWN10,Unavailable,#N/B,#N/B,#N/B,#N/B,#N/B,#N/B,#N/B,#N/B,#N/B,#N/B,#N/B,#N/B,#N/B,#N/B,#N/B,#N/B,#N/B
2018005620,23-1-2018 15:17,GOERE2,Available,-999,5.84,0,0,0,8.33,-350,0,0,-999,#N/B,30,9.02,88.2,15.4,202,1020
2018005621,13-2-2018 11:59,GOERE2,Available,-999,5.4,0,0,0,8.05,-350,0,0,-999,#N/B,31,9.27,90.2,14,180,1010
2018005622,15-3-2018 11:06,GOERE2,Available,-999,4.33,0,0,0,6.97,-350,0,0,-999,#N/B,31.5,10.5,100,11.5,275,993
2018005623,18-4-2018 18:28,GOERE2,Available,-999,8.51,0,0,0,8.59,-350,0,0,-999,#N/B,31.1,11.5,126,8.8,52,1030
2018005624,16-5-2018 13:27,GOERE2,Available,-999,12.5,-999,-999,-999,8.26,-350,-999,-999,-999,#N/B,30.2,8.02,90.7,5,10,1030
2018005625,11-6-2018 0:00,GOERE2,Unavailable,#N/B,#N/B,#N/B,#N/B,#N/B,#N/B,#N/B,#N/B,#N/B,#N/B,#N/B,#N/B,#N/B,#N/B,#N/B,#N/B,#N/B
2018005626,16-7-2018 0:00,GOERE2,Unavailable,#N/B,#N/B,#N/B,#N/B,#N/B,#N/B,#N/B,#N/B,#N/B,#N/B,#N/B,#N/B,#N/B,#N/B,#N/B,#N/B,#N/B
2018005627,13-8-2018 0:00,GOERE2,Unavailable,#N/B,#N/B,#N/B,#N/B,#N/B,#N/B,#N/B,#N/B,#N/B,#N/B,#N/B,#N/B,#N/B,#N/B,#N/B,#N/B,#N/B
2018005628,10-9-2018 0:00,GOERE2,Unavailable,#N/B,#N/B,#N/B,#N/B,#N/B,#N/B,#N/B,#N/B,#N/B,#N/B,#N/B,#N/B,#N/B,#N/B,#N/B,#N/B,#N/B
2018005629,15-10-2018 0:00,GOERE2,Unavailable,#N/B,#N/B,#N/B,#N/B,#N/B,#N/B,#N/B,#N/B,#N/B,#N/B,#N/B,#N/B,#N/B,#N/B,#N/B,#N/B,#N/B
2018005630,12-11-2018 0:00,GOERE2,Unavailable,#N/B,#N/B,#N/B,#N/B,#N/B,#N/B,#N/B,#N/B,#N/B,#N/B,#N/B,#N/B,#N/B,#N/B,#N/B,#N/B,#N/B
2018005631,10-12-2018 0:00,GOERE2,Unavailable,#N/B,#N/B,#N/B,#N/B,#N/B,#N/B,#N/B,#N/B,#N/B,#N/B,#N/B,#N/B,#N/B,#N/B,#N/B,#N/B,#N/B
2018005632,23-1-2018 15:48,GOERE6,Available,-999,6.05,0,0,0,8.33,-350,0,0,-999,#N/B,30.1,7.65,75.1,15.1,195,1020
2018005633,13-2-2018 11:20,GOERE6,Available,-999,5.4,0,0,0,8.05,-350,0,0,-999,#N/B,25.3,9.54,89.3,14,180,1010
2018005634,15-3-2018 11:37,GOERE6,Available,-999,4.33,0,0,0,6.89,-350,0,0,-999,#N/B,31.4,10.5,99.9,8.4,115,993
2018005635,18-4-2018 17:48,GOERE6,Available,-999,8.26,0,0,0,8.58,-350,0,0,-999,#N/B,30.8,11.4,125,7.6,28,1030
2018005636,16-5-2018 13:59,GOERE6,Available,-999,12.2,-999,-999,-999,8.26,-350,-999,-999,-999,#N/B,29.8,8.09,91.1,5,10,1030
2018005637,11-6-2018 0:00,GOERE6,Unavailable,#N/B,#N/B,#N/B,#N/B,#N/B,#N/B,#N/B,#N/B,#N/B,#N/B,#N/B,#N/B,#N/B,#N/B,#N/B,#N/B,#N/B
2018005638,16-7-2018 0:00,GOERE6,Unavailable,#N/B,#N/B,#N/B,#N/B,#N/B,#N/B,#N/B,#N/B,#N/B,#N/B,#N/B,#N/B,#N/B,#N/B,#N/B,#N/B,#N/B
2018005639,13-8-2018 0:00,GOERE6,Unavailable,#N/B,#N/B,#N/B,#N/B,#N/B,#N/B,#N/B,#N/B,#N/B,#N/B,#N/B,#N/B,#N/B,#N/B,#N/B,#N/B,#N/B
2018005640,10-9-2018 0:00,GOERE6,Unavailable,#N/B,#N/B,#N/B,#N/B,#N/B,#N/B,#N/B,#N/B,#N/B,#N/B,#N/B,#N/B,#N/B,#N/B,#N/B,#N/B,#N/B
2018005641,15-10-2018 0:00,GOERE6,Unavailable,#N/B,#N/B,#N/B,#N/B,#N/B,#N/B,#N/B,#N/B,#N/B,#N/B,#N/B,#N/B,#N/B,#N/B,#N/B,#N/B,#N/B
2018005642,12-11-2018 0:00,GOERE6,Unavailable,#N/B,#N/B,#N/B,#N/B,#N/B,#N/B,#N/B,#N/B,#N/B,#N/B,#N/B,#N/B,#N/B,#N/B,#N/B,#N/B,#N/B
2018005643,10-12-2018 0:00,GOERE6,Unavailable,#N/B,#N/B,#N/B,#N/B,#N/B,#N/B,#N/B,#N/B,#N/B,#N/B,#N/B,#N/B,#N/B,#N/B,#N/B,#N/B,#N/B
2018005644,22-1-2018 13:29,NOORDWK2,Available,#N/B,5.62,0,0,0,7.94,-350,0,0,-999,#N/B,25.6,8.84,83.5,6.9,293,1010
2018005645,14-2-2018 14:02,NOORDWK2,Available,-999,5.42,0,0,0,8.07,-350,0,0,1.09,#N/B,27.2,9.49,90,14,200,1010
2018005646,14-3-2018 9:00,NOORDWK2,Available,#N/B,4.9,0,0,0,7.62,-350,0,0,0.949,#N/B,28.4,10.4,98,4.4,224,1010
2018005647,16-4-2018 13:00,NOORDWK2,Available,#N/B,8.11,0,0,0,8.14,-350,0,0,-999,#N/B,28.2,10.1,105,9.8,272,1020
2018005648,14-5-2018 13:12,NOORDWK2,Available,-999,12.2,-999,-999,-999,8.26,-350,-999,-999,-999,#N/B,30,9.79,110,3,360,1020
2018005649,11-6-2018 0:00,NOORDWK2,Unavailable,#N/B,#N/B,#N/B,#N/B,#N/B,#N/B,#N/B,#N/B,#N/B,#N/B,#N/B,#N/B,#N/B,#N/B,#N/B,#N/B,#N/B
2018005650,16-7-2018 0:00,NOORDWK2,Unavailable,#N/B,#N/B,#N/B,#N/B,#N/B,#N/B,#N/B,#N/B,#N/B,#N/B,#N/B,#N/B,#N/B,#N/B,#N/B,#N/B,#N/B
2018005651,13-8-2018 0:00,NOORDWK2,Unavailable,#N/B,#N/B,#N/B,#N/B,#N/B,#N/B,#N/B,#N/B,#N/B,#N/B,#N/B,#N/B,#N/B,#N/B,#N/B,#N/B,#N/B
2018005652,10-9-2018 0:00,NOORDWK2,Unavailable,#N/B,#N/B,#N/B,#N/B,#N/B,#N/B,#N/B,#N/B,#N/B,#N/B,#N/B,#N/B,#N/B,#N/B,#N/B,#N/B,#N/B
2018005653,15-10-2018 0:00,NOORDWK2,Unavailable,#N/B,#N/B,#N/B,#N/B,#N/B,#N/B,#N/B,#N/B,#N/B,#N/B,#N/B,#N/B,#N/B,#N/B,#N/B,#N/B,#N/B
2018005654,12-11-2018 0:00,NOORDWK2,Unavailable,#N/B,#N/B,#N/B,#N/B,#N/B,#N/B,#N/B,#N/B,#N/B,#N/B,#N/B,#N/B,#N/B,#N/B,#N/B,#N/B,#N/B
2018005655,10-12-2018 0:00,NOORDWK2,Unavailable,#N/B,#N/B,#N/B,#N/B,#N/B,#N/B,#N/B,#N/B,#N/B,#N/B,#N/B,#N/B,#N/B,#N/B,#N/B,#N/B,#N/B
2018005656,22-1-2018 14:04,NOORDWK10,Available,#N/B,5.89,0,0,0,7.94,-350,0,0,-999,#N/B,28.6,9.34,90.5,8.3,297,1010
2018005657,14-2-2018 13:10,NOORDWK10,Available,#N/B,5.48,0,0,0,8.07,-350,0,0,0.591,#N/B,29.3,9.39,90.5,13.6,180,1010
2018005658,14-3-2018 9:44,NOORDWK10,Available,#N/B,4.31,0,0,0,7.413,-350,0,0,0.949,#N/B,30.6,8.47,98,4.4,224,1010
2018005659,16-4-2018 14:34,NOORDWK10,Available,#N/B,7.57,0,0,0,8.15,-350,0,0,-999,#N/B,30.3,9.79,106,9.1,273,1020
2018005660,14-5-2018 13:42,NOORDWK10,Available,#N/B,11.8,-999,-999,-999,8.27,-350,-999,-999,-999,#N/B,30.7,9.46,107,4,360,1030
2018005661,11-6-2018 0:00,NOORDWK10,Unavailable,#N/B,#N/B,#N/B,#N/B,#N/B,#N/B,#N/B,#N/B,#N/B,#N/B,#N/B,#N/B,#N/B,#N/B,#N/B,#N/B,#N/B
2018005662,16-7-2018 0:00,NOORDWK10,Unavailable,#N/B,#N/B,#N/B,#N/B,#N/B,#N/B,#N/B,#N/B,#N/B,#N/B,#N/B,#N/B,#N/B,#N/B,#N/B,#N/B,#N/B
2018005663,13-8-2018 0:00,NOORDWK10,Unavailable,#N/B,#N/B,#N/B,#N/B,#N/B,#N/B,#N/B,#N/B,#N/B,#N/B,#N/B,#N/B,#N/B,#N/B,#N/B,#N/B,#N/B
2018005664,10-9-2018 0:00,NOORDWK10,Unavailable,#N/B,#N/B,#N/B,#N/B,#N/B,#N/B,#N/B,#N/B,#N/B,#N/B,#N/B,#N/B,#N/B,#N/B,#N/B,#N/B,#N/B
2018005665,15-10-2018 0:00,NOORDWK10,Unavailable,#N/B,#N/B,#N/B,#N/B,#N/B,#N/B,#N/B,#N/B,#N/B,#N/B,#N/B,#N/B,#N/B,#N/B,#N/B,#N/B,#N/B
2018005666,12-11-2018 0:00,NOORDWK10,Unavailable,#N/B,#N/B,#N/B,#N/B,#N/B,#N/B,#N/B,#N/B,#N/B,#N/B,#N/B,#N/B,#N/B,#N/B,#N/B,#N/B,#N/B
2018005667,10-12-2018 0:00,NOORDWK10,Unavailable,#N/B,#N/B,#N/B,#N/B,#N/B,#N/B,#N/B,#N/B,#N/B,#N/B,#N/B,#N/B,#N/B,#N/B,#N/B,#N/B,#N/B
2018005668,22-1-2018 14:54,NOORDWK20,Available,#N/B,6.05,0,0,0,7.97,-350,0,0,-999,#N/B,31.5,9.27,91.9,10.3,290,1010
2018005669,14-2-2018 12:07,NOORDWK20,Available,#N/B,5.59,0,0,0,8.09,-350,0,0,0.443,#N/B,31.5,9.29,91.1,15,155,1010
2018005670,14-3-2018 10:38,NOORDWK20,Available,#N/B,4.34,0,0,0,7.36,-350,0,0,0.351,#N/B,30.3,10.5,99,4.3,148,1010
2018005671,16-4-2018 16:59,NOORDWK20,Available,#N/B,7.35,0,0,0,8.18,-350,0,0,-999,#N/B,31.8,10.2,112,5.9,220,1020
2018005672,14-5-2018 14:16,NOORDWK20,Available,#N/B,11.4,-999,-999,-999,8.28,-350,-999,-999,-999,#N/B,31.6,9.86,110,5,360,1030
2018005673,11-6-2018 0:00,NOORDWK20,Unavailable,#N/B,#N/B,#N/B,#N/B,#N/B,#N/B,#N/B,#N/B,#N/B,#N/B,#N/B,#N/B,#N/B,#N/B,#N/B,#N/B,#N/B
2018005674,16-7-2018 0:00,NOORDWK20,Unavailable,#N/B,#N/B,#N/B,#N/B,#N/B,#N/B,#N/B,#N/B,#N/B,#N/B,#N/B,#N/B,#N/B,#N/B,#N/B,#N/B,#N/B
2018005675,13-8-2018 0:00,NOORDWK20,Unavailable,#N/B,#N/B,#N/B,#N/B,#N/B,#N/B,#N/B,#N/B,#N/B,#N/B,#N/B,#N/B,#N/B,#N/B,#N/B,#N/B,#N/B
2018005676,10-9-2018 0:00,NOORDWK20,Unavailable,#N/B,#N/B,#N/B,#N/B,#N/B,#N/B,#N/B,#N/B,#N/B,#N/B,#N/B,#N/B,#N/B,#N/B,#N/B,#N/B,#N/B
2018005677,15-10-2018 0:00,NOORDWK20,Unavailable,#N/B,#N/B,#N/B,#N/B,#N/B,#N/B,#N/B,#N/B,#N/B,#N/B,#N/B,#N/B,#N/B,#N/B,#N/B,#N/B,#N/B
2018005678,12-11-2018 0:00,NOORDWK20,Unavailable,#N/B,#N/B,#N/B,#N/B,#N/B,#N/B,#N/B,#N/B,#N/B,#N/B,#N/B,#N/B,#N/B,#N/B,#N/B,#N/B,#N/B
2018005679,10-12-2018 0:00,NOORDWK20,Unavailable,#N/B,#N/B,#N/B,#N/B,#N/B,#N/B,#N/B,#N/B,#N/B,#N/B,#N/B,#N/B,#N/B,#N/B,#N/B,#N/B,#N/B
2018005680,22-1-2018 18:54,NOORDWK70,Available,#N/B,7.33,0,0,0,8.03,-350,0,0,-999,#N/B,35.2,8.77,91.8,11.6,291,1010
2018005681,14-2-2018 8:03,NOORDWK70,Available,#N/B,6.81,0,0,0,8.07,-350,0,0,-999,#N/B,35.3,8.83,91.3,14.2,140,1010
2018005682,14-3-2018 14:25,NOORDWK70,Available,#N/B,5.96,0,0,0,7.27,-350,0,0,0.266,#N/B,35.3,9.79,99.3,4.8,94,1010
2018005683,16-4-2018 19:39,NOORDWK70,Available,#N/B,7.64,0,0,0,8.24,-350,0,0,-999,#N/B,34.8,10.2,113,9.4,154,1020
2018005684,14-5-2018 14:16,NOORDWK70,Available,#N/B,#N/B,#N/B,#N/B,#N/B,#N/B,#N/B,#N/B,#N/B,#N/B,#N/B,#N/B,#N/B,#N/B,#N/B,#N/B,#N/B
2018005685,11-6-2018 0:00,NOORDWK70,Unavailable,#N/B,#N/B,#N/B,#N/B,#N/B,#N/B,#N/B,#N/B,#N/B,#N/B,#N/B,#N/B,#N/B,#N/B,#N/B,#N/B,#N/B
2018005686,16-7-2018 0:00,NOORDWK70,Unavailable,#N/B,#N/B,#N/B,#N/B,#N/B,#N/B,#N/B,#N/B,#N/B,#N/B,#N/B,#N/B,#N/B,#N/B,#N/B,#N/B,#N/B
2018005687,13-8-2018 0:00,NOORDWK70,Unavailable,#N/B,#N/B,#N/B,#N/B,#N/B,#N/B,#N/B,#N/B,#N/B,#N/B,#N/B,#N/B,#N/B,#N/B,#N/B,#N/B,#N/B
2018005688,10-9-2018 0:00,NOORDWK70,Unavailable,#N/B,#N/B,#N/B,#N/B,#N/B,#N/B,#N/B,#N/B,#N/B,#N/B,#N/B,#N/B,#N/B,#N/B,#N/B,#N/B,#N/B
2018005689,15-10-2018 0:00,NOORDWK70,Unavailable,#N/B,#N/B,#N/B,#N/B,#N/B,#N/B,#N/B,#N/B,#N/B,#N/B,#N/B,#N/B,#N/B,#N/B,#N/B,#N/B,#N/B
2018005690,12-11-2018 0:00,NOORDWK70,Unavailable,#N/B,#N/B,#N/B,#N/B,#N/B,#N/B,#N/B,#N/B,#N/B,#N/B,#N/B,#N/B,#N/B,#N/B,#N/B,#N/B,#N/B
2018005691,10-12-2018 0:00,NOORDWK70,Unavailable,#N/B,#N/B,#N/B,#N/B,#N/B,#N/B,#N/B,#N/B,#N/B,#N/B,#N/B,#N/B,#N/B,#N/B,#N/B,#N/B,#N/B
2018005692,31-1-2018 7:23,TERSLG10,Available,#N/B,6.28,0,0,0,8.11,-350,0,0,-999,#N/B,30.6,9.23,91.5,17.4,230,1000
2018005693,20-2-2018 18:23,TERSLG10,Available,#N/B,5.08,-999,-999,-999,8.04,-350,-999,-999,-999,#N/B,31.3,9.66,94.7,10,207,1020
2018005694,13-3-2018 23:52,TERSLG10,Available,#N/B,3.56,0,0,0,7.94,-350,0,0,-999,#N/B,33,10.9,103,4.2,111,1010
2018005695,16-4-2018 4:52,TERSLG10,Available,#N/B,#N/B,#N/B,#N/B,#N/B,#N/B,#N/B,#N/B,#N/B,#N/B,#N/B,#N/B,#N/B,#N/B,#N/B,#N/B,#N/B
2018005696,15-5-2018 20:13,TERSLG10,Available,#N/B,11.7,-999,-999,-999,8.29,-350,-999,-999,-999,#N/B,31.9,10,113,1,360,1030
2018005697,11-6-2018 0:00,TERSLG10,Unavailable,#N/B,#N/B,#N/B,#N/B,#N/B,#N/B,#N/B,#N/B,#N/B,#N/B,#N/B,#N/B,#N/B,#N/B,#N/B,#N/B,#N/B
2018005698,16-7-2018 0:00,TERSLG10,Unavailable,#N/B,#N/B,#N/B,#N/B,#N/B,#N/B,#N/B,#N/B,#N/B,#N/B,#N/B,#N/B,#N/B,#N/B,#N/B,#N/B,#N/B
2018005699,13-8-2018 0:00,TERSLG10,Unavailable,#N/B,#N/B,#N/B,#N/B,#N/B,#N/B,#N/B,#N/B,#N/B,#N/B,#N/B,#N/B,#N/B,#N/B,#N/B,#N/B,#N/B
2018005700,10-9-2018 0:00,TERSLG10,Unavailable,#N/B,#N/B,#N/B,#N/B,#N/B,#N/B,#N/B,#N/B,#N/B,#N/B,#N/B,#N/B,#N/B,#N/B,#N/B,#N/B,#N/B
2018005701,15-10-2018 0:00,TERSLG10,Unavailable,#N/B,#N/B,#N/B,#N/B,#N/B,#N/B,#N/B,#N/B,#N/B,#N/B,#N/B,#N/B,#N/B,#N/B,#N/B,#N/B,#N/B
2018005702,12-11-2018 0:00,TERSLG10,Unavailable,#N/B,#N/B,#N/B,#N/B,#N/B,#N/B,#N/B,#N/B,#N/B,#N/B,#N/B,#N/B,#N/B,#N/B,#N/B,#N/B,#N/B
2018005703,10-12-2018 0:00,TERSLG10,Unavailable,#N/B,#N/B,#N/B,#N/B,#N/B,#N/B,#N/B,#N/B,#N/B,#N/B,#N/B,#N/B,#N/B,#N/B,#N/B,#N/B,#N/B
2018005704,31-1-2018 4:37,TERSLG50,Available,#N/B,6.43,0,0,0,8.11,-350,0,0,-999,#N/B,34.5,8.79,89.7,13.2,206,1000
2018005705,20-2-2018 15:23,TERSLG50,Available,#N/B,5.53,-999,-999,-999,8.03,-350,-999,-999,0.31,#N/B,34.9,9.34,95.8,9,240,1020
2018005706,13-3-2018 21:04,TERSLG50,Available,#N/B,4.11,0,0,0,8.06,-350,0,0,-999,#N/B,34.5,10.4,100,7.4,101,1010
2018005707,18-4-2018 2:12,TERSLG50,Available,#N/B,7.26,0,0,0,8.4,-350,0,0,-999,#N/B,35,9.23,101,9.5,328,1020
2018005708,15-5-2018 18:28,TERSLG50,Available,#N/B,12.6,-999,-999,-999,8.2,-350,-999,-999,-999,#N/B,33.4,9.65,112,1,360,1030
2018005709,11-6-2018 0:00,TERSLG50,Unavailable,#N/B,#N/B,#N/B,#N/B,#N/B,#N/B,#N/B,#N/B,#N/B,#N/B,#N/B,#N/B,#N/B,#N/B,#N/B,#N/B,#N/B
2018005710,16-7-2018 0:00,TERSLG50,Unavailable,#N/B,#N/B,#N/B,#N/B,#N/B,#N/B,#N/B,#N/B,#N/B,#N/B,#N/B,#N/B,#N/B,#N/B,#N/B,#N/B,#N/B
2018005711,13-8-2018 0:00,TERSLG50,Unavailable,#N/B,#N/B,#N/B,#N/B,#N/B,#N/B,#N/B,#N/B,#N/B,#N/B,#N/B,#N/B,#N/B,#N/B,#N/B,#N/B,#N/B
2018005712,10-9-2018 0:00,TERSLG50,Unavailable,#N/B,#N/B,#N/B,#N/B,#N/B,#N/B,#N/B,#N/B,#N/B,#N/B,#N/B,#N/B,#N/B,#N/B,#N/B,#N/B,#N/B
2018005713,15-10-2018 0:00,TERSLG50,Unavailable,#N/B,#N/B,#N/B,#N/B,#N/B,#N/B,#N/B,#N/B,#N/B,#N/B,#N/B,#N/B,#N/B,#N/B,#N/B,#N/B,#N/B
2018005714,12-11-2018 0:00,TERSLG50,Unavailable,#N/B,#N/B,#N/B,#N/B,#N/B,#N/B,#N/B,#N/B,#N/B,#N/B,#N/B,#N/B,#N/B,#N/B,#N/B,#N/B,#N/B
2018005715,10-12-2018 0:00,TERSLG50,Unavailable,#N/B,#N/B,#N/B,#N/B,#N/B,#N/B,#N/B,#N/B,#N/B,#N/B,#N/B,#N/B,#N/B,#N/B,#N/B,#N/B,#N/B
2018005716,31-1-2018 0:53,TERSLG100,Available,#N/B,6.18,0,0,0,8.12,-350,0,0,-999,#N/B,34.7,8.95,90.9,13.6,202,1010
2018005717,20-2-2018 8:32,TERSLG100,Available,#N/B,5.6,-999,-999,-999,8,-350,-999,-999,-999,#N/B,34.5,9.19,93,12,245,1020
2018005718,13-3-2018 17:13,TERSLG100,Available,#N/B,4.11,0,0,0,8.09,-350,0,0,0.199,#N/B,34.3,9.75,94,8.9,318,1010
2018005719,17-4-2018 22:52,TERSLG100,Available,#N/B,5.67,0,0,0,8.31,-350,0,0,-999,#N/B,34.8,9.18,98.6,11.6,266,1020
2018005720,15-5-2018 16:01,TERSLG100,Available,#N/B,11.4,-999,-999,-999,8.9,350,-999,-999,-999,#N/B,33.7,10.1,111,1,10,1030
2018005721,11-6-2018 0:00,TERSLG100,Unavailable,#N/B,#N/B,#N/B,#N/B,#N/B,#N/B,#N/B,#N/B,#N/B,#N/B,#N/B,#N/B,#N/B,#N/B,#N/B,#N/B,#N/B
2018005722,16-7-2018 0:00,TERSLG100,Unavailable,#N/B,#N/B,#N/B,#N/B,#N/B,#N/B,#N/B,#N/B,#N/B,#N/B,#N/B,#N/B,#N/B,#N/B,#N/B,#N/B,#N/B
2018005723,13-8-2018 0:00,TERSLG100,Unavailable,#N/B,#N/B,#N/B,#N/B,#N/B,#N/B,#N/B,#N/B,#N/B,#N/B,#N/B,#N/B,#N/B,#N/B,#N/B,#N/B,#N/B
2018005724,10-9-2018 0:00,TERSLG100,Unavailable,#N/B,#N/B,#N/B,#N/B,#N/B,#N/B,#N/B,#N/B,#N/B,#N/B,#N/B,#N/B,#N/B,#N/B,#N/B,#N/B,#N/B
2018005725,15-10-2018 0:00,TERSLG100,Unavailable,#N/B,#N/B,#N/B,#N/B,#N/B,#N/B,#N/B,#N/B,#N/B,#N/B,#N/B,#N/B,#N/B,#N/B,#N/B,#N/B,#N/B
2018005726,12-11-2018 0:00,TERSLG100,Unavailable,#N/B,#N/B,#N/B,#N/B,#N/B,#N/B,#N/B,#N/B,#N/B,#N/B,#N/B,#N/B,#N/B,#N/B,#N/B,#N/B,#N/B
2018005727,10-12-2018 0:00,TERSLG100,Unavailable,#N/B,#N/B,#N/B,#N/B,#N/B,#N/B,#N/B,#N/B,#N/B,#N/B,#N/B,#N/B,#N/B,#N/B,#N/B,#N/B,#N/B
2018005728,30-1-2018 22:23,TERSLG135,Available,#N/B,5.86,0,0,0,8.13,-350,0,0,-999,#N/B,34.8,9.01,90.9,14.7,230,1010
2018005729,20-2-2018 6:10,TERSLG135,Available,#N/B,5.4,0,0,0,7.97,-350,0,0,-999,#N/B,34.6,9.05,93,10,278,1020
2018005730,13-3-2018 14:43,TERSLG135,Available,#N/B,4.4,0,0,0,8.09,-350,0,0,0.143,#N/B,34.7,9.54,92.9,9.8,214,1000
2018005731,17-4-2018 20:35,TERSLG135,Available,#N/B,5.44,0,0,0,8.31,-350,0,0,-999,#N/B,34.6,9.27,97.6,13,263,1020
2018005732,15-5-2018 14:39,TERSLG135,Available,#N/B,11.3,0,0,0,8.05,-350,0,0,-999,#N/B,33.8,9.39,106,2,45,1030
2018005733,11-6-2018 0:00,TERSLG135,Unavailable,#N/B,#N/B,#N/B,#N/B,#N/B,#N/B,#N/B,#N/B,#N/B,#N/B,#N/B,#N/B,#N/B,#N/B,#N/B,#N/B,#N/B
2018005734,16-7-2018 0:00,TERSLG135,Unavailable,#N/B,#N/B,#N/B,#N/B,#N/B,#N/B,#N/B,#N/B,#N/B,#N/B,#N/B,#N/B,#N/B,#N/B,#N/B,#N/B,#N/B
2018005735,13-8-2018 0:00,TERSLG135,Unavailable,#N/B,#N/B,#N/B,#N/B,#N/B,#N/B,#N/B,#N/B,#N/B,#N/B,#N/B,#N/B,#N/B,#N/B,#N/B,#N/B,#N/B
2018005736,10-9-2018 0:00,TERSLG135,Unavailable,#N/B,#N/B,#N/B,#N/B,#N/B,#N/B,#N/B,#N/B,#N/B,#N/B,#N/B,#N/B,#N/B,#N/B,#N/B,#N/B,#N/B
2018005737,15-10-2018 0:00,TERSLG135,Unavailable,#N/B,#N/B,#N/B,#N/B,#N/B,#N/B,#N/B,#N/B,#N/B,#N/B,#N/B,#N/B,#N/B,#N/B,#N/B,#N/B,#N/B
2018005738,12-11-2018 0:00,TERSLG135,Unavailable,#N/B,#N/B,#N/B,#N/B,#N/B,#N/B,#N/B,#N/B,#N/B,#N/B,#N/B,#N/B,#N/B,#N/B,#N/B,#N/B,#N/B
2018005739,10-12-2018 0:00,TERSLG135,Unavailable,#N/B,#N/B,#N/B,#N/B,#N/B,#N/B,#N/B,#N/B,#N/B,#N/B,#N/B,#N/B,#N/B,#N/B,#N/B,#N/B,#N/B
2018005740,30-1-2018 19:41,TERSLG175,Available,#N/B,5.99,0,0,0,8.14,-350,0,0,-999,#N/B,34.8,9.08,91.9,14.2,228,1020
2018005741,17-4-2018 17:24,TERSLG175,Available,#N/B,5.3,0,0,0,8.03,-350,0,0,0.116,#N/B,34.4,9.29,102,14,303,1020
2018005742,11-6-2018 0:00,TERSLG175,Unavailable,#N/B,#N/B,#N/B,#N/B,#N/B,#N/B,#N/B,#N/B,#N/B,#N/B,#N/B,#N/B,#N/B,#N/B,#N/B,#N/B,#N/B
2018005743,13-8-2018 0:00,TERSLG175,Unavailable,#N/B,#N/B,#N/B,#N/B,#N/B,#N/B,#N/B,#N/B,#N/B,#N/B,#N/B,#N/B,#N/B,#N/B,#N/B,#N/B,#N/B
2018005744,30-1-2018 15:49,TERSLG235,Available,#N/B,6.76,0,0,0,8.18,-350,0,0,0.158,#N/B,35,8.93,92.1,14,237,1020
2018005745,17-4-2018 12:43,TERSLG235,Available,#N/B,5.38,0,0,0,8.05,-350,0,0,0.197,#N/B,34.6,8.99,101,13.2,265,1020
2018005746,11-6-2018 0:00,TERSLG235,Unavailable,#N/B,#N/B,#N/B,#N/B,#N/B,#N/B,#N/B,#N/B,#N/B,#N/B,#N/B,#N/B,#N/B,#N/B,#N/B,#N/B,#N/B
2018005747,13-8-2018 0:00,TERSLG235,Unavailable,#N/B,#N/B,#N/B,#N/B,#N/B,#N/B,#N/B,#N/B,#N/B,#N/B,#N/B,#N/B,#N/B,#N/B,#N/B,#N/B,#N/B
2018005748,15-1-2018 0:00,ROTTMPT50,Cancelled,#N/B,#N/B,#N/B,#N/B,#N/B,#N/B,#N/B,#N/B,#N/B,#N/B,#N/B,#N/B,#N/B,#N/B,#N/B,#N/B,#N/B
2018005749,16-4-2018 0:00,ROTTMPT50,Cancelled,#N/B,#N/B,#N/B,#N/B,#N/B,#N/B,#N/B,#N/B,#N/B,#N/B,#N/B,#N/B,#N/B,#N/B,#N/B,#N/B,#N/B
2018005750,11-6-2018 0:00,ROTTMPT50,Cancelled,#N/B,#N/B,#N/B,#N/B,#N/B,#N/B,#N/B,#N/B,#N/B,#N/B,#N/B,#N/B,#N/B,#N/B,#N/B,#N/B,#N/B
2018005751,13-8-2018 0:00,ROTTMPT50,Cancelled,#N/B,#N/B,#N/B,#N/B,#N/B,#N/B,#N/B,#N/B,#N/B,#N/B,#N/B,#N/B,#N/B,#N/B,#N/B,#N/B,#N/B
2018005752,15-1-2018 0:00,ROTTMPT70,Cancelled,#N/B,#N/B,#N/B,#N/B,#N/B,#N/B,#N/B,#N/B,#N/B,#N/B,#N/B,#N/B,#N/B,#N/B,#N/B,#N/B,#N/B
2018005753,16-4-2018 0:00,ROTTMPT70,Cancelled,#N/B,#N/B,#N/B,#N/B,#N/B,#N/B,#N/B,#N/B,#N/B,#N/B,#N/B,#N/B,#N/B,#N/B,#N/B,#N/B,#N/B
2018005754,11-6-2018 0:00,ROTTMPT70,Cancelled,#N/B,#N/B,#N/B,#N/B,#N/B,#N/B,#N/B,#N/B,#N/B,#N/B,#N/B,#N/B,#N/B,#N/B,#N/B,#N/B,#N/B
2018005755,13-8-2018 0:00,ROTTMPT70,Cancelled,#N/B,#N/B,#N/B,#N/B,#N/B,#N/B,#N/B,#N/B,#N/B,#N/B,#N/B,#N/B,#N/B,#N/B,#N/B,#N/B,#N/B
2018008766,15-5-2018 7:44,ROTTMPT50,Available,#N/B,10,-999,-999,-999,8.1,-350,-999,-999,-999,#N/B,31.7,9.54,104,#N/B,#N/B,#N/B
2018008767,29-5-2018 7:56,ROTTMPT50,Available,#N/B,12.2,-999,-999,-999,8.11,-350,-999,-999,-999,#N/B,32.1,8.76,102,#N/B,#N/B,#N/B
2018008768,11-6-2018 0:00,ROTTMPT50,Unavailable,#N/B,#N/B,#N/B,#N/B,#N/B,#N/B,#N/B,#N/B,#N/B,#N/B,#N/B,#N/B,#N/B,#N/B,#N/B,#N/B,#N/B
2018008769,2-7-2018 0:00,ROTTMPT50,Unavailable,#N/B,#N/B,#N/B,#N/B,#N/B,#N/B,#N/B,#N/B,#N/B,#N/B,#N/B,#N/B,#N/B,#N/B,#N/B,#N/B,#N/B
2018008770,16-7-2018 0:00,ROTTMPT50,Unavailable,#N/B,#N/B,#N/B,#N/B,#N/B,#N/B,#N/B,#N/B,#N/B,#N/B,#N/B,#N/B,#N/B,#N/B,#N/B,#N/B,#N/B
2018008771,30-7-2018 0:00,ROTTMPT50,Unavailable,#N/B,#N/B,#N/B,#N/B,#N/B,#N/B,#N/B,#N/B,#N/B,#N/B,#N/B,#N/B,#N/B,#N/B,#N/B,#N/B,#N/B
2018008772,13-8-2018 0:00,ROTTMPT50,Unavailable,#N/B,#N/B,#N/B,#N/B,#N/B,#N/B,#N/B,#N/B,#N/B,#N/B,#N/B,#N/B,#N/B,#N/B,#N/B,#N/B,#N/B
2018008773,15-5-2018 8:52,ROTTMPT70,Available,#N/B,11.4,0,0,0,8.14,-350,0,0,-999,#N/B,32.2,9.3,105,1,45,1030
2018008774,29-5-2018 7:03,ROTTMPT70,Available,#N/B,13.2,0,0,0,8.09,-350,0,0,-999,#N/B,32.4,8.64,102,6,20,1030
2018008775,11-6-2018 0:00,ROTTMPT70,Unavailable,#N/B,#N/B,#N/B,#N/B,#N/B,#N/B,#N/B,#N/B,#N/B,#N/B,#N/B,#N/B,#N/B,#N/B,#N/B,#N/B,#N/B
2018008776,2-7-2018 0:00,ROTTMPT70,Unavailable,#N/B,#N/B,#N/B,#N/B,#N/B,#N/B,#N/B,#N/B,#N/B,#N/B,#N/B,#N/B,#N/B,#N/B,#N/B,#N/B,#N/B
2018008777,16-7-2018 0:00,ROTTMPT70,Unavailable,#N/B,#N/B,#N/B,#N/B,#N/B,#N/B,#N/B,#N/B,#N/B,#N/B,#N/B,#N/B,#N/B,#N/B,#N/B,#N/B,#N/B
2018008778,30-7-2018 0:00,ROTTMPT70,Unavailable,#N/B,#N/B,#N/B,#N/B,#N/B,#N/B,#N/B,#N/B,#N/B,#N/B,#N/B,#N/B,#N/B,#N/B,#N/B,#N/B,#N/B
2018008779,13-8-2018 0:00,ROTTMPT70,Unavailable,#N/B,#N/B,#N/B,#N/B,#N/B,#N/B,#N/B,#N/B,#N/B,#N/B,#N/B,#N/B,#N/B,#N/B,#N/B,#N/B,#N/B
